toID,mean,variance,meanInfested,varianceInfested
b'L1',1759.8933581512201,7735.372325691403,1479.5823471660983,6503.303333034533
b'L2',498281.97458616825,2190130.770567702,491299.0178101967,2159438.1320926677
b'L3',418.3920328928286,1838.9853780281508,223.53553301226202,982.5200872899436
b'L4',618614.461818845,2719035.881385946,928.296923425445,4080.2030976655633
b'L5',14679.000877560686,64519.55547827353,2776.176843270598,12202.308409880065
