fromID,mean,variance
b'1',491883.8365332423,2162008.6233925186
b'18',637047.1132165468,2800054.0981151033
b'6',4822.772923828779,21197.843628019087
